{
  "user1": [
    { "type": "text", "placeholder": "Enter your name", "controlName": "name", "required": true, "maxLength": 10, "minLength": 5 },
    { "type": "number", "placeholder": "Enter your age", "controlName": "age", "required": true },
    { "type": "text", "placeholder": "Enter your phone number", "controlName": "phoneNumber"},
    { "type": "select", "placeholder": "Enter your favorite food", "controlName": "favFood" }

  ],
  "user2": [
    { "type": "text", "placeholder": "Enter your name", "controlName": "name", "required": true, "maxLength": 10, "regex": "" },
    { "type": "number", "placeholder": "Enter your age" , "controlName": "age"  },
    { "type": "number", "placeholder": "Enter your age" , "controlName": "age"  }
  ]
}
